{"cameraMode":{"drawMode":0,"name":"Shaded","section":"Shading Mode"},"sceneLighting":false,"audioPlay":false,"sceneViewState":{"showFog":true,"showMaterialUpdate":false,"showSkybox":true,"showFlares":true,"showImageEffects":true,"showParticleSystems":true},"in2DMode":false,"pivot":{"x":244.24942016601563,"y":1118.918212890625,"z":-296.5389709472656},"rotation":{"x":-0.6533387303352356,"y":-0.12625066936016084,"z":0.11124350875616074,"w":-0.7385412454605103},"size":5.39150333404541,"orthographic":false}