{"cameraMode":{"drawMode":0,"name":"Shaded","section":"Shading Mode"},"sceneLighting":false,"audioPlay":false,"sceneViewState":{"showFog":true,"showMaterialUpdate":false,"showSkybox":true,"showFlares":true,"showImageEffects":true,"showParticleSystems":true},"in2DMode":false,"pivot":{"x":2.0921294689178469,"y":1015.0225219726563,"z":-35.49848556518555},"rotation":{"x":0.18818357586860658,"y":-0.12911148369312287,"z":0.02600410021841526,"w":0.9735477566719055},"size":4.64015007019043,"orthographic":false}