{"cameraMode":{"drawMode":0,"name":"Shaded","section":"Shading Mode"},"sceneLighting":false,"audioPlay":false,"sceneViewState":{"showFog":true,"showMaterialUpdate":false,"showSkybox":true,"showFlares":true,"showImageEffects":true,"showParticleSystems":true},"in2DMode":false,"pivot":{"x":29.899404525756837,"y":1012.4057006835938,"z":20.40213394165039},"rotation":{"x":-0.30608469247817995,"y":0.014000942930579186,"z":-0.004504346754401922,"w":-0.951911449432373},"size":4.468944549560547,"orthographic":false}