{"cameraMode":{"drawMode":0,"name":"Shaded","section":"Shading Mode"},"sceneLighting":false,"audioPlay":false,"sceneViewState":{"showFog":true,"showMaterialUpdate":false,"showSkybox":true,"showFlares":true,"showImageEffects":true,"showParticleSystems":true},"in2DMode":false,"pivot":{"x":-7.707025527954102,"y":1053.4307861328125,"z":135.23983764648438},"rotation":{"x":0.20112240314483643,"y":0.7248884439468384,"z":-0.236958846449852,"w":0.6154404282569885},"size":4.976043701171875,"orthographic":false}