{"cameraMode":{"drawMode":0,"name":"Shaded","section":"Shading Mode"},"sceneLighting":false,"audioPlay":false,"sceneViewState":{"showFog":true,"showMaterialUpdate":false,"showSkybox":true,"showFlares":true,"showImageEffects":true,"showParticleSystems":true},"in2DMode":false,"pivot":{"x":-709.6151123046875,"y":645.71923828125,"z":517.4017944335938},"rotation":{"x":-0.013465910218656063,"y":-0.9825156331062317,"z":0.07616980373859406,"w":-0.17108723521232606},"size":6.311945915222168,"orthographic":false}