{"cameraMode":{"drawMode":0,"name":"Shaded","section":"Shading Mode"},"sceneLighting":true,"audioPlay":false,"sceneViewState":{"showFog":true,"showMaterialUpdate":false,"showSkybox":true,"showFlares":true,"showImageEffects":true,"showParticleSystems":true},"in2DMode":false,"pivot":{"x":73.36590576171875,"y":-23.96173095703125,"z":-24.552629470825197},"rotation":{"x":-0.18140645325183869,"y":-0.7778056263923645,"z":0.25989872217178347,"w":-0.5427838563919067},"size":111.45746612548828,"orthographic":false}