{"cameraMode":{"drawMode":0,"name":"Shaded","section":"Shading Mode"},"sceneLighting":false,"audioPlay":false,"sceneViewState":{"showFog":true,"showMaterialUpdate":false,"showSkybox":true,"showFlares":true,"showImageEffects":true,"showParticleSystems":true},"in2DMode":false,"pivot":{"x":20.806011199951173,"y":1028.87060546875,"z":5.334458351135254},"rotation":{"x":0.15900279581546784,"y":0.7904742360115051,"z":-0.5453901886940002,"w":0.2307492047548294},"size":4.976043701171875,"orthographic":false}